Finding_ID,Page_Title,Page_URL,Section_Location,Exposed_Name_or_Identifier,Type_of_Exposure,Verbatim_Text_Snippet,Privacy_Risk_Level,Dev_Instruction,Notes
1,Field Notes :: THE ÅLïEN SCõÖL,https://scoolreport2026.vercel.app/artifacts/field-notes.html,Part IV – Voices from the Field (Testimonials),Sallomé Hralima,Full real name with professional descriptor,"Sallomé Hralima :: writer, filmmaker, mother, partner, friend",MEDIUM,"Confirm this person has given explicit written consent for their full name to appear publicly on this page. If consent is on file, no action needed. If not, replace with initials or a chosen pseudonym.",Name appears to have been submitted publicly/voluntarily but consent should be documented.
2,Field Notes :: THE ÅLïEN SCõÖL,https://scoolreport2026.vercel.app/artifacts/field-notes.html,Part IV – Voices from the Field (Testimonials),Sylvia Baffour,Full real name with professional credentials and book title,"Sylvia Baffour :: Emotional Intelligence Expert, Professional Speaker, Executive Coach · Author, I Dare You to Care",MEDIUM,"Confirm this person has given explicit written consent for their full name and credentials to appear publicly. If consent is on file, no action needed. If not, replace with initials or a chosen pseudonym.",Appears to be a public professional figure; still requires documented consent for use on this site.
3,SCEU Field Report 02 of 02,https://scoolreport2026.vercel.app/sceu-report-two-illuminating-creative-thinking.html,Section III – Dynamic 03 (From the Archive),Sylvia Baffour,Full real name used in body text as a named external observer,"Sylvia Baffour's external evaluation of the Creative Steeping guidebook named this dynamic in her own language...",MEDIUM,"Same consent check as Finding #2. If consent is confirmed, no action needed. If not, replace with 'an external evaluator' or similar.",Same person as Finding #2 — consent check covers both instances.
4,SCEU Field Report 02 of 02,https://scoolreport2026.vercel.app/sceu-report-two-illuminating-creative-thinking.html,Section III – Dynamic 05 (From the Archive),Sallomé Hralima,Full real name used in body text as a named public reviewer,"Sallomé Hralima returns to the Creative Steeping guidebook 'every now and then, with a freshly brewed pot of loose leaf tea.'",MEDIUM,"Same consent check as Finding #1. If consent is confirmed, no action needed. If not, replace with 'an independent practitioner' or similar.",Same person as Finding #1 — consent check covers both instances.
5,The Emergence Report :: THE ÅLïEN SCõÖL,https://scoolreport2026.vercel.app/tas-emergence-report.html,Section III – Lineage One (Africa and Diasporic Tradition) – Africa Thread paragraph,Kaelo,First name only used to identify a real scholar/collaborator in Cape Town,"The Africa thread in the tÅs archive :: Kaelo in Cape Town, Desmond in Ghana, Jena in Johannesburg, Makhosi in the diaspora :: is resonance recognition...",HIGH,"Replace all four first names (Kaelo, Desmond, Jena, Makhosi) with their existing archetype labels (e.g., The Educator / Community Builder; The Entrepreneur; The Creative Producer; The Ecosystem Builder) to maintain consistency with the privacy framework used throughout the rest of the site.",Four real first names are exposed in a single sentence. These scholars are identified only by archetype labels everywhere else on the site — this passage breaks that pattern.
6,The Emergence Report :: THE ÅLïEN SCõÖL,https://scoolreport2026.vercel.app/tas-emergence-report.html,Section III – Lineage One (Africa and Diasporic Tradition) – Africa Thread paragraph,Desmond,First name only used to identify a real scholar/collaborator in Ghana,"The Africa thread in the tÅs archive :: Kaelo in Cape Town, Desmond in Ghana, Jena in Johannesburg, Makhosi in the diaspora :: is resonance recognition...",HIGH,"See Finding #5. Replace with archetype label (The Entrepreneur) consistent with usage elsewhere on the site.",Same sentence as Finding #5.
7,The Emergence Report :: THE ÅLïEN SCõÖL,https://scoolreport2026.vercel.app/tas-emergence-report.html,Section III – Lineage One (Africa and Diasporic Tradition) – Africa Thread paragraph,Jena,First name only used to identify a real scholar/collaborator in Johannesburg,"The Africa thread in the tÅs archive :: Kaelo in Cape Town, Desmond in Ghana, Jena in Johannesburg, Makhosi in the diaspora :: is resonance recognition...",HIGH,"See Finding #5. Replace with archetype label (The Creative Producer) consistent with usage elsewhere on the site.",Same sentence as Finding #5.
8,The Emergence Report :: THE ÅLïEN SCõÖL,https://scoolreport2026.vercel.app/tas-emergence-report.html,Section III – Lineage One (Africa and Diasporic Tradition) – Africa Thread paragraph,Makhosi,First name only used to identify a real scholar/collaborator in the diaspora,"The Africa thread in the tÅs archive :: Kaelo in Cape Town, Desmond in Ghana, Jena in Johannesburg, Makhosi in the diaspora :: is resonance recognition...",HIGH,"See Finding #5. Replace with archetype label (The Ecosystem Builder) consistent with usage elsewhere on the site.",Same sentence as Finding #5.
9,The Emergence Report :: THE ÅLïEN SCõÖL,https://scoolreport2026.vercel.app/tas-emergence-report.html,Section V – Speculation on Full Emergence,Kaelo (first name only),First name used again in the context of Cape Town implementation,"Kaelo implementing Creative Steeping in Cape Town is extending the methodology into a new context.",HIGH,"Replace 'Kaelo' with 'The Educator / Community Builder' to match the archetype-only privacy standard used throughout the rest of the site.",Second instance of the same scholar's first name on this page.
10,The Emergence Report :: THE ÅLïEN SCõÖL,https://scoolreport2026.vercel.app/tas-emergence-report.html,Section VI – What Full Emergence Requires (Condition 01),Kaelo (first name only),First name used a third time in the reproducibility documentation section,"Kaelo's Cape Town implementation is the archive's first documented instance.",HIGH,"Replace 'Kaelo' with 'The Educator / Community Builder' to match the archetype-only privacy standard used throughout the rest of the site.",Third instance of the same scholar's first name on this page.
11,The Emergence Report :: THE ÅLïEN SCõÖL,https://scoolreport2026.vercel.app/tas-emergence-report.html,Section VI – What Full Emergence Requires (Condition 03),Kaelo (first name only),First name used a fourth time in the guide development section,"Kaelo is the first. The SCEU presentations may produce more.",HIGH,"Replace 'Kaelo' with 'The Educator / Community Builder' to match the archetype-only privacy standard used throughout the rest of the site.",Fourth instance of the same scholar's first name on this page.
12,The Proof of Field :: tÅs Reflectionary,https://scoolreport2026.vercel.app/artifacts/proof-of-field.html,Artifact Relationships section – HDM entry,Implicit identification via unique program name,"The Wellness Teacher's Know. Flow. Grow. is HDM generated by a scholar from inside the methodology :: the scholar's own system, built from the school's container.",LOW,"Review whether the named framework 'Know. Flow. Grow.' is sufficiently unique to identify the scholar to people who know them. If so, consider omitting the framework name or attributing it only to 'The Wellness Teacher' without naming the framework itself.",The scholar is referred to only by archetype label; however the named personal framework could act as an indirect identifier to those in the scholar's network.
13,The Elevation Codex :: tÅs Artifact 01,https://scoolreport2026.vercel.app/artifacts/elevation-codex.html,Part II – How the Moves Work Together,The Creative Director (archetype label with verbatim attributed quote),"The Creative Director described it precisely: 'Kamau's mentorship style focuses on dialogue :: and my confidence in expressing my creative ideas has grown.'",LOW,"The archetype label is used correctly here. However, the verbatim quote is specific enough that the scholar may be identifiable to colleagues. Confirm this scholar consented to having a direct quote attributed to their archetype label in a public document.",Low risk as no real name is used; flagged because the quote is verbatim and attributed.
14,Field Notes :: THE ÅLïEN SCõÖL,https://scoolreport2026.vercel.app/artifacts/field-notes.html,Part VI – Geographic and Community Reach (table),Sallomé Hralima (referenced by name in table cell),"Guidebook use :: independent | At sea / multiple locations | Sallomé Hralima's documented solo practice; Sylvia Baffour's evaluation from Ghana; ongoing return-use reported",MEDIUM,"Same consent check as Findings #1 and #3. Both names appear in the reach table as well as the testimonials section — ensure the consent confirmation covers all instances across the page.",Third instance of both names on the Field Notes page.
15,SCEU Field Report 01 of 02,https://scoolreport2026.vercel.app/sceu-report-one-integrating-creative-thinking.html,Section III – From the Archive (Creative Awareness in Organizational Contexts),The School Director (archetype label with geographic and date detail),"The international school in Shenzhen arrived with an enrollment decline framed as a marketing problem... THE SCHOOL DIRECTOR · DEC 2025",LOW,"No real name is used. However, the combination of 'international school in Shenzhen' + 'Dec 2025' + 'enrollment decline' is specific enough to potentially identify the institution and individual to those familiar with the context. Consider whether the geographic and date detail should be generalized (e.g., 'an international school in Asia').",Indirect institutional identification risk rather than direct name exposure.
16,SCEU Field Report 01 of 02,https://scoolreport2026.vercel.app/sceu-report-one-integrating-creative-thinking.html,Section III – From the Archive (Creative Awareness in Organizational Contexts),The Platform Architects (archetype label with verbatim organizational description),"The Platform Architects named the school explicitly as a resource for organizations: 'creating a flexible multi-level creative collaboration platform designed to uplift the alienated through regenerative creativity and community support.' THE PLATFORM ARCHITECTS · DEC 2025",LOW,"No real name is used. The verbatim description of the platform concept is specific enough that the individuals may be identifiable to those in their network. Confirm consent for this level of detail to be published publicly.",Indirect identification risk via unique project description.
17,The Frequency Report :: tÅs Artifact 06,https://scoolreport2026.vercel.app/artifacts/frequency-report.html,Coordinate Three – From the Archive (Africa Thread),The Educator / Community Builder (archetype label with named personal program),"The Educator / Community Builder :: Cape Town. From Robben Island crisis to Creative Steeping implementation in nine months. Named his own program: 'Stepping into Yourself.'",LOW,"The archetype label is used correctly. However, the named personal program 'Stepping into Yourself' combined with the Cape Town location could identify the scholar to those in his professional network. Confirm this scholar consented to this level of detail being published.",Same scholar as Findings #5 / #9–#11. The program name adds an indirect identification layer.
18,The Frequency Report :: tÅs Artifact 06,https://scoolreport2026.vercel.app/artifacts/frequency-report.html,Coordinate Three – From the Archive (Africa Thread),The Entrepreneur (archetype label with named program and tribal affiliation),"The Entrepreneur :: Ashanti tribe, Ghana. Found tÅs after the institutional MBA path closed. Connected Black Men Tour to Creative Steeping methodology within the first session.",LOW,"No real name is used. However, the combination of 'Ashanti tribe,' 'Ghana,' 'Black Men Tour,' and 'MBA path closed' is highly specific and could identify this individual to those who know them or the program. Confirm consent for this level of detail to be published.",Same scholar as Finding #6. Indirect identification risk via unique program name and tribal/geographic detail.
19,The Frequency Report :: tÅs Artifact 06,https://scoolreport2026.vercel.app/artifacts/frequency-report.html,Coordinate Three – From the Archive (Africa Thread),The Creative Producer (archetype label with named initiative and location),"The Creative Producer :: Johannesburg. Named receptive creativity :: exactly what the school develops :: before being told what the school offered. Proposed the CE20 Creative Summit alongside the G20 in South Africa.",LOW,"No real name is used. However, the combination of 'Johannesburg,' 'CE20 Creative Summit,' and 'G20 in South Africa' is specific enough to identify this individual to those in the South African creative/policy community. Confirm consent for this level of detail.",Same scholar as Finding #7. Indirect identification risk via unique initiative name.
20,Homepage / Synthesis Archive,https://scoolreport2026.vercel.app/,Footer attribution line,Kamau Zuberi Akabueze (full legal name of the site owner/guide),THE ÅLïEN SCõÖL FOR CREATIVE THÏNKING · KAMAU ZUBERI AKABUEZE · SYNTHESIS ARCHIVE · 2024–2026,INFORMATIONAL,"This is the site owner's own name used intentionally. No action required unless the owner wishes to use only the KzA abbreviation for stylistic consistency.",This is not a client name — it is the practitioner/guide's own name. Flagged here for completeness only.
